{
  "rulesDirectory": [
    "node_modules/codelyzer",
    "node_modules/@nrwl/schematics/src/tslint"
  ],
  "rules": {
    "arrow-return-shorthand": true,
    "callable-types": true,
    "class-name": true,
    "comment-format": [
      true,
      "check-space"
    ],
    "curly": true,
    "eofline": true,
    "forin": true,
    "import-blacklist": [
      true
    ],
    "import-spacing": true,
    "indent": [
      true,
      "spaces"
    ],
    "interface-over-type-literal": true,
    "label-position": true,
    "max-line-length": [
      true,
      140
    ],
    "member-access": false,
    "member-ordering": [
      true,
      {
        "order": [
          "static-field",
          "instance-field",
          "static-method",
          "instance-method"
        ]
      }
    ],
    "no-arg": true,
    "no-bitwise": true,
    "no-console": [
      true,
      "debug",
      "info",
      "time",
      "timeEnd",
      "trace"
    ],
    "no-construct": true,
    "no-debugger": true,
    "no-duplicate-super": true,
    "no-empty": false,
    "no-empty-interface": true,
    "no-eval": true,
    "no-inferrable-types": [
      true,
      "ignore-params"
    ],
    "no-misused-new": true,
    "no-non-null-assertion": true,
    "no-shadowed-variable": true,
    "no-string-literal": false,
    "no-string-throw": true,
    "no-switch-case-fall-through": true,
    "no-unnecessary-initializer": true,
    "no-unused-expression": true,
    "no-use-before-declare": true,
    "no-var-keyword": true,
    "object-literal-sort-keys": false,
    "prefer-const": true,
    "radix": true,
    "semicolon": [
      true,
      "always",
      "ignore-bound-class-methods"
    ],
    "triple-equals": [
      true,
      "allow-null-check"
    ],
    "unified-signatures": true,
    "variable-name": false,
    "directive-selector": [
      true,
      "attribute",
      "app",
      "camelCase"
    ],
    "component-selector": [
      true,
      "element", [
        "app",
        "home",
        "cv"
      ],
      "kebab-case"
    ],
    "use-input-property-decorator": true,
    "use-output-property-decorator": true,
    "use-host-property-decorator": true,
    "no-input-rename": true,
    "no-output-rename": true,
    "use-life-cycle-interface": true,
    "use-pipe-transform-interface": true,
    "component-class-suffix": true,
    "directive-class-suffix": true,
    "nx-enforce-module-boundaries": [
      true,
      {
        "allow": [],
        "depConstraints": [{
            "sourceTag": "app",
            "onlyDependOnLibsWithTags": [
              "*"
            ]
          },
          {
            "sourceTag": "api",
            "onlyDependOnLibsWithTags": [
              "api",
              "auth",
              "debug",
              "logging",
              "notifications",
              "test-helper",
              "pipes",
              "file-explorer"
            ]
          },
          {
            "sourceTag": "ui",
            "onlyDependOnLibsWithTags": [
              "ui",
              "api",
              "auth",
              "debug",
              "logging",
              "notifications",
              "test-helper"
            ]
          },
          {
            "sourceTag": "logging",
            "onlyDependOnLibsWithTags": [
              "debug",
              "logging",
              "notifications",
              "test-helper"
            ]
          },
          {
            "sourceTag": "auth",
            "onlyDependOnLibsWithTags": [
              "auth",
              "debug",
              "logging",
              "notifications",
              "configuration"
            ]
          }, {
            "sourceTag": "debug",
            "onlyDependOnLibsWithTags": [
              "debug",
              "test-helper"
            ]
          }, {
            "sourceTag": "notifications",
            "onlyDependOnLibsWithTags": [
              "debug",
              "notifications",
              "test-helper",
              "api",
              "logging"
            ]
          }, {
            "sourceTag": "test-helper",
            "onlyDependOnLibsWithTags": [
              "test-helper"
            ]
          }, {
            "sourceTag": "e2e-test-helper",
            "onlyDependOnLibsWithTags": [
              "e2e-test-helper",
              "auth",
              "api"
            ]
          }
        ]
      }
    ]
  }
}
