{
  "videoTitle": {
    "label": "Video Title",
    "key": "videoTitle",
    "values": [],
    "defaultValue": "",
    "multiSelection": false,
    "isRequiredField": true,
    "charLimit": 140
  },
  "videoDescription": {
    "label": "Video Description",
    "key": "videoDescription",
    "values": [],
    "defaultValue": "",
    "multiSelection": false,
    "isRequiredField": true,
    "charLimit": null
  },
  "shortTitle": {
    "label": "Short Title",
    "key": "shortTitle",
    "values": [],
    "defaultValue": "",
    "multiSelection": false,
    "isRequiredField": true,
    "charLimit": 60
  },
  "shortDescription": {
    "label": "Short Description",
    "key": "shortDescription",
    "values": [],
    "defaultValue": "",
    "multiSelection": false,
    "isRequiredField": true,
    "charLimit": 60
  },
  "browserTitle": {
    "label": "Browser Title",
    "key": "browserTitle",
    "values": [],
    "defaultValue": "",
    "multiSelection": false,
    "isRequiredField": false,
    "charLimit": null
  }
}
