{
  "versionName": {
    "label": "Version Name",
    "key": "versionName",
    "values": [],
    "defaultValue": "",
    "multiSelection": false,
    "isRequiredField": true,
    "charLimit": null,
    "permittedVersionType": ["Video with captioning", "Still frames only", "Caption file only"]
  },
  "versionType": {
    "label": "Version Type",
    "key": "versionType",
    "values": [
      "Video with captioning",
      "Caption file only",
      "Still frames only"
    ],
    "defaultValue": "Video with captioning",
    "multiSelection": false,
    "isRequiredField": true,
    "charLimit": null,
    "permittedVersionType": ["Video with captioning", "Still frames only", "Caption file only"]
  },
  "aspectRatio": {
    "label": "Aspect Ratio",
    "key": "aspectRatio",
    "values": [
      "16 : 9",
      "1 : 1",
      "9 : 16",
      "4 : 3"
    ],
    "defaultValue": "16 : 9",
    "multiSelection": false,
    "isRequiredField": true,
    "charLimit": null,
    "permittedVersionType": ["Video with captioning", "Still frames only", "Caption file only"]
  },
  "captions": {
    "label": "Captions",
    "key": "captions",
    "values": [
      "Deliver a closed caption file (SRT, SCC, etc.)",
      "Video with burn-in subtitles",
      "Deliver/include transcript file"
    ],
    "defaultValue": "Deliver a closed caption file (SRT, SCC, etc.)",
    "multiSelection": true,
    "isRequiredField": true,
    "charLimit": null,
    "permittedVersionType": ["Video with captioning", "Caption file only"]
  },
  "stillFrames": {
    "label": "Still frames only",
    "key": "stillFrames",
    "values": [
      "# Of Still frames only"
    ],
    "defaultValue": "0",
    "multiSelection": false,
    "isRequiredField": false,
    "charLimit": null,
    "permittedVersionType": ["Video with captioning", "Still frames only"]
  },
  "slatesAndGraphics": {
    "label": "Slates & Graphics",
    "key": "slatesAndGraphics",
    "values": [
      "Open Slate",
      "End Slate",
      "Lower Third",
      "Brand Bug",
      "Other Graphic Overlay"
    ],
    "defaultValue": "",
    "multiSelection": true,
    "isRequiredField": false,
    "charLimit": null,
    "permittedVersionType": ["Video with captioning"]
  },
  "slatesAndGraphicsSourceInfo": {
    "label": "Slates & Graphics Source Info",
    "key": "slatesAndGraphicsSourceInfo",
    "values": [],
    "defaultValue": "",
    "multiSelection": false,
    "isRequiredField": true,
    "charLimit": null,
    "permittedVersionType": ["Video with captioning"]
  },
  "budgetCode": {
    "label": "Budget Code",
    "key": "budgetCode",
    "values": [],
    "defaultValue": "",
    "multiSelection": false,
    "isRequiredField": true,
    "charLimit": null,
    "permittedVersionType": ["Caption file only"]
  },
  "fileDropOffLocation": {
    "label": "File Dropoff Location",
    "key": "fileDropOffLocation",
    "values": [],
    "defaultValue": "",
    "multiSelection": false,
    "isRequiredField": true,
    "charLimit": null,
    "permittedVersionType": ["Video with captioning", "Caption file only"]
  },
  "additionalNotes": {
    "label": "Additional Notes",
    "key": "additionalNotes",
    "values": [],
    "defaultValue": "",
    "multiSelection": false,
    "isRequiredField": false,
    "charLimit": null,
    "permittedVersionType": ["Video with captioning", "Caption file only"]
  }
}
