{
  "subFolder": {
    "label": "Sub-folder",
    "key": "subFolder",
    "values": [],
    "defaultValue": "",
    "multiSelection": false,
    "isRequiredField": true,
    "charLimit": null
  },
  "subFranchise": {
    "label": "Version Type",
    "key": "versionType",
    "values": [
      "Acceptance Speech",
      "Behind-the-Scenes",
      "Digital Original",
      "Full Episode",
      "Highlight",
      "Performance"
    ],
    "defaultValue": "Acceptance Speech",
    "multiSelection": false,
    "isRequiredField": true,
    "charLimit": null
  },
  "primarySiteCategory": {
    "label": "Primary Site Category",
    "key": "primarySiteCategory",
    "values": [
      "Shows",
      "Music",
      "Celebs",
      "Lifestyle",
      "News"
    ],
    "defaultValue": "Shows",
    "multiSelection": false,
    "isRequiredField": true,
    "charLimit": null
  },
  "secondarySiteCategory": {
    "label": "Secondary Site Category",
    "key": "secondarySiteCategory",
    "values": [
      "Shows",
      "Music",
      "Celebs",
      "Lifestyle",
      "News"
    ],
    "defaultValue": "",
    "multiSelection": true,
    "isRequiredField": false,
    "charLimit": null
  },
  "tags": {
    "label": "Tags",
    "key": "tags",
    "values": [],
    "defaultValue": "",
    "multiSelection": false,
    "isRequiredField": true,
    "charLimit": null
  },
  "hideVideoPageToggle": {
    "label": "Hide this video page from all feeds",
    "key": "hideVideoPageToggle",
    "values": [],
    "defaultValue": "",
    "multiSelection": false,
    "isRequiredField": false,
    "charLimit": null
  },
  "includeBetNowApp": {
    "label": "Include in the BET Now App",
    "key": "includeBetNowApp",
    "values": [],
    "defaultValue": "",
    "multiSelection": false,
    "isRequiredField": false,
    "charLimit": null
  },
  "adTargeting": {
    "label": "Page needs ad targeting",
    "key": "adTargeting",
    "values": [],
    "defaultValue": "",
    "multiSelection": false,
    "isRequiredField": false,
    "charLimit": null
  },
  "additionalPublishNotes": {
    "label": "Additional Publish Notes",
    "key": "additionalPublishNotes",
    "values": [],
    "defaultValue": "",
    "multiSelection": false,
    "isRequiredField": false,
    "charLimit": null
  }
}
