 {
    "RequestType": {
        "WEBPLEX": [
            {
                "label": "Select all that apply.",
                "key": "Selectall",
                "value": "",
                "options": [
                    {"key": "Homepage", "label": "Homepage Superhero Video Loop", "value": "", "checked": true, "order": 3, "type": "checkbox", "defaultValue": "true"},
                    {"key": "SeriesSuperhero ", "label": "Series Superhero Video Loop (1920 x 1080)", "value": "", "checked": false, "order": 3, "type": "checkbox"},
                    {"key": "HomepageSuperhero", "label": "Homepage Superhero (Static) (1920 x 1080)", "value": "", "checked": false, "order": 3, "type": "checkbox"},
                    {"key": "Superhero", "label": "Superhero (1920 x 1080)", "value": "", "checked": false, "order": 3, "type": "checkbox"},
                    {"key": "Poster", "label": "Poster (1280 x 1920)", "value": "", "checked": false, "order": 3, "type": "checkbox"},
                    {"key": "seriesLogo", "label": "Series logo (468 x 138)", "value": "", "checked": false, "order": 3, "type": "checkbox"},
                    {"key": "Custom", "label": "Custom", "value": "", "checked": false, "order": 3, "type": "checkbox"}
                  ],
                "required": false,
                "type": "label",
                "order": 3
            },
            {
                "label": "Custom Dimensions",
                "key": "dimensions",
                "value": "",
                "required": true,
                "hidden": true,
                "type": "textbox",
                "order": 4
            },
            {
                "label": "Copy or Special Instructions (Optional)",
                "key": "CTA",
                "value": "",
                "required": false,
                "type": "textbox",
                "order": 4
            }
        ],
        "WEBPLEXEXTENDED": [
            {
                "label": "Select all that apply.",
                "key": "Selectall",
                "value": "",
                "options": [
                    {"key": "Homepage", "label": "Homepage Superhero Video Loop", "value": "", "checked": true, "order": 3, "type": "checkbox", "defaultValue": "true"},
                    {"key": "SeriesSuperhero ", "label": "Series Superhero Video Loop (1920 x 1080)", "value": "", "checked": false, "order": 3, "type": "checkbox"},
                    {"key": "HomepageSuperhero", "label": "Homepage Superhero (Static) (1920 x 1080)", "value": "", "checked": false, "order": 3, "type": "checkbox"},
                    {"key": "Superhero", "label": "Superhero (1920 x 1080)", "value": "", "checked": false, "order": 3, "type": "checkbox"},
                    {"key": "Poster", "label": "Poster (1280 x 1920)", "value": "", "checked": false, "order": 3, "type": "checkbox"},
                    {"key": "Poster", "label": "Series logo (468 x 138)", "value": "", "checked": false, "order": 3, "type": "checkbox"},
                    {"key": "Custom", "label": "Custom", "value": "", "checked": false, "order": 3, "type": "checkbox"}
                  ],
                "required": false,
                "type": "label",
                "order": 3
            },
            {
                "label": "Custom Dimensions",
                "key": "dimensions",
                "value": "",
                "required": true,
                "hidden": true,
                "type": "textbox",
                "order": 4
            },
            {
                "label": "Copy or Special Instructions (Optional)",
                "key": "CTA",
                "value": "",
                "required": false,
                "type": "textbox",
                "order": 4
            }
        ],
        "PLAYPLEX": [
            {
                "label": "Select all that apply.",
                "key": "Selectall",
                "value": "",
                "options": [
                    {"key": "Homepage", "label": "Homepage Superhero Video Loop", "value": "", "checked": true, "order": 3, "type": "checkbox", "defaultValue": "true"},
                    {"key": "SeriesSuperhero", "label": "Series Superhero Video Loop (1920 X 1080)", "value": "", "checked": false, "order": 3, "type": "checkbox"},
                    {"key": "HomepageSuperhero", "label": "Homepage Superhero (Static) (1920 X 1080)", "value": "", "checked": false, "order": 3, "type": "checkbox"},
                    {"key": "Superhero", "label": "Superhero (1920 X 1080)", "value": "", "checked": false, "order": 3, "type": "checkbox"},
                    {"key": "Poster", "label": "Poster (1280 X 1920)", "value": "", "checked": false, "order": 3, "type": "checkbox"},
                    {"key": "seriesLogo", "label": "Series logo (468 X 138)", "value": "", "checked": false, "order": 3, "type": "checkbox"},
                    {"key": "ATV", "label": "ATV Header (1920 X 640)", "value": "", "checked": false, "order": 3, "type": "checkbox"},
                    {"key": "Custom", "label": "Custom", "value": "", "checked": false, "order": 3, "type": "checkbox"}
                  ],
                "required": false,
                "type": "label",
                "order": 3
            },
            {
                "label": "Custom Dimensions",
                "key": "dimensions",
                "value": "",
                "required": true,
                "hidden": true,
                "type": "textbox",
                "order": 4
            },
            {
                "label": "Copy or Special Instructions (Optional)",
                "key": "CTA",
                "value": "",
                "required": false,
                "type": "textbox",
                "order": 4
            }
        ],
        "PLAYPLEXNOATV": [
            {
                "label": "Select all that apply.",
                "key": "Selectall",
                "value": "",
                "options": [
                    {"key": "Homepage", "label": "Homepage Superhero Video Loop", "value": "", "checked": true, "order": 3, "type": "checkbox", "defaultValue": "true"},
                    {"key": "SeriesSuperhero", "label": "Series Superhero Video Loop (1920 X 1080)", "value": "", "checked": false, "order": 3, "type": "checkbox"},
                    {"key": "HomepageSuperhero", "label": "Homepage Superhero (Static) (1920 X 1080)", "value": "", "checked": false, "order": 3, "type": "checkbox"},
                    {"key": "Superhero", "label": "Superhero (1920 X 1080)", "value": "", "checked": false, "order": 3, "type": "checkbox"},
                    {"key": "Poster", "label": "Poster (1280 X 1920)", "value": "", "checked": false, "order": 3, "type": "checkbox"},
                    {"key": "seriesLogo", "label": "Series logo (468 X 138)", "value": "", "checked": false, "order": 3, "type": "checkbox"},
                    {"key": "Custom", "label": "Custom", "value": "", "checked": false, "order": 3, "type": "checkbox"}
                  ],
                "required": false,
                "type": "label",
                "order": 3
            },
            {
                "label": "Custom Dimensions",
                "key": "dimensions",
                "value": "",
                "required": true,
                "hidden": true,
                "type": "textbox",
                "order": 4
            },
            {
                "label": "Copy or Special Instructions (Optional)",
                "key": "CTA",
                "value": "",
                "required": false,
                "type": "textbox",
                "order": 4
            }
        ],
        "CUSTOMWEBSITE" : [
            {
                "label": "Select all that apply.",
                "key": "Selectall",
                "value": "",
                "options": [
                    {"key": "SeriesBanner", "label": "Series Banner Mobile (740 X 1336)", "value": "", "checked": true, "order": 3, "type": "checkbox", "defaultValue": "true"},
                    {"key": "FeaturedPoster", "label": "Featured Poster (886 x 624)", "value": "", "checked": false, "order": 3, "type": "checkbox"},
                    {"key": "SeriesPoster", "label": "Series Poster (846 x 1248)", "value": "", "checked": false, "order": 3, "type": "checkbox"},
                    {"key": "TriplePromo", "label": "Triple Promo (400 x 72)", "value": "", "checked": false, "order": 3, "type": "checkbox"},
                    {"key": "CountdownClock", "label": "Countdown Clock Desktop (1440 x 80)", "value": "", "checked": false, "order": 3, "type": "checkbox"},
                    {"key": "CountdownClockMobile", "label": "Countdown Clock Mobile (750 x 130)", "value": "", "checked": false, "order": 3, "type": "checkbox"},
                    {"key": "SeriesParallaxDesktop", "label": "Series Parallax Desktop (1600 x 700)", "value": "", "checked": false, "order": 3, "type": "checkbox"},
                    {"key": "SeriesParallaxMobile", "label": "Series Parallax Mobile (750 x 1334)", "value": "", "checked": false, "order": 3, "type": "checkbox"},
                    {"key": "SeriesParallaxLogo", "label": "Series Parallax Logo (900w)", "value": "", "checked": false, "order": 3, "type": "checkbox"},
                    {"key": "Custom", "label": "Custom", "value": "", "checked": false, "order": 3, "type": "checkbox"}
                  ],
                "required": false,
                "type": "label",
                "order": 3
            },
            {
                "label": "Custom Dimensions",
                "key": "dimensions",
                "value": "",
                "required": true,
                "hidden": true,
                "type": "textbox",
                "order": 4
            },
            {
                "label": "Copy or Special Instructions (Optional)",
                "key": "CTA",
                "value": "",
                "required": false,
                "type": "textbox",
                "order": 4
            }
        ],
        "CUSTOMWEBSITECC" : [
            {
                "label": "Select all that apply.",
                "key": "Selectall",
                "value": "",
                "options": [
                    {"key": "SeriesMainLogo", "label": "Series Main Logo (406 x 47)", "value": false, "checked": false, "order": 3, "type": "checkbox", "defaultValue": "true"},
                    {"key": "ImageCluster", "label": "Image Cluster (1920 x 1080)", "value": false, "checked": false, "order": 3, "type": "checkbox"},
                    {"key": "SeriesHub", "label": "Series Hub (1280 x 1280)", "value": false, "checked": false, "order": 3, "type": "checkbox"},
                    {"key": "HeroVideo", "label": "Hero Video", "value": false, "checked": false, "order": 3, "type": "checkbox"},
                    {"key": "Custom", "label": "Custom", "value": false, "checked": false, "order": 3, "type": "checkbox"}
                  ],
                "required": false,
                "type": "label",
                "order": 3
            },
            {
                "label": "Custom Dimensions",
                "key": "dimensions",
                "value": "",
                "required": true,
                "hidden": true,
                "type": "textbox",
                "order": 4
            },
            {
                "label": "Copy or Special Instructions (Optional)",
                "key": "CTA",
                "value": "",
                "required": false,
                "type": "textbox",
                "order": 4
            }
        ],
        "WEB20" : [
            {
                "label": "Select all that apply.",
                "key": "Selectall",
                "value": "",
                "options": [
                    {"key": "HomepageHero", "label": "Homepage Hero (1920 x 540)", "value": "", "checked": true, "order": 3, "type": "checkbox", "defaultValue": "true"},
                    {"key": "HomepagePromo", "label": "Homepage Promo (1920 x 1080)", "value": "", "checked": false, "order": 3, "type": "checkbox"},
                    {"key": "SeriesThumbnail", "label": "Series Thumbnail (1920 x 1080)", "value": "", "checked": false, "order": 3, "type": "checkbox"},
                    {"key": "SeriesMainHero", "label": "Series Main Hero (1920 x 540)", "value": "", "checked": false, "order": 3, "type": "checkbox"},
                    {"key": "EventsHeroDesktop", "label": "Events Hero Desktop (1920 x 540)", "value": "", "checked": false, "order": 3, "type": "checkbox"},
                    {"key": "EventsHeroMobile", "label": "Events Hero Mobile (650 x 320)", "value": "", "checked": false, "order": 3, "type": "checkbox"},
                    {"key": "HomepageSponsored", "label": "Homepage Sponsored (1920 x 1080)", "value": "", "checked": false, "order": 3, "type": "checkbox"},
                    {"key": "Custom", "label": "Custom", "value": "", "checked": false, "order": 3, "type": "checkbox"}
                  ],
                "required": false,
                "type": "label",
                "order": 3
            },
            {
                "label": "Custom Dimensions",
                "key": "dimensions",
                "value": "",
                "required": true,
                "hidden": true,
                "type": "textbox",
                "order": 4
            },
            {
                "label": "Copy or Special Instructions (Optional)",
                "key": "CTA",
                "value": "",
                "required": false,
                "type": "textbox",
                "order": 4
            }
        ],
        "WEB20EXTENDED" : [
            {
                "label": "Select all that apply.",
                "key": "Selectall",
                "value": "",
                "options": [
                    {"key": "HomepageHero", "label": "Homepage Hero (1920 x 540)", "value": "", "checked": true, "order": 3, "type": "checkbox", "defaultValue": "true"},
                    {"key": "HomepagePromo", "label": "Homepage Promo (1920 x 1080)", "value": "", "checked": false, "order": 3, "type": "checkbox"},
                    {"key": "SeriesThumbnail", "label": "Series Thumbnail (1920 x 1080)", "value": "", "checked": false, "order": 3, "type": "checkbox"},
                    {"key": "SeriesMainHero", "label": "Series Main Hero (1920 x 540)", "value": "", "checked": false, "order": 3, "type": "checkbox"},
                    {"key": "EventsHeroDesktop", "label": "Events Hero Desktop (1920 x 540)", "value": "", "checked": false, "order": 3, "type": "checkbox"},
                    {"key": "EventsHeroMobile", "label": "Events Hero Mobile (650 x 320)", "value": "", "checked": false, "order": 3, "type": "checkbox"},
                    {"key": "HomepageSponsored", "label": "Homepage Sponsored (1920 x 1080)", "value": "", "checked": false, "order": 3, "type": "checkbox"},
                    {"key": "HomepageFeatured", "label": "Homepage Featured (1920 x 540)", "value": "", "checked": false, "order": 3, "type": "checkbox"},
                    {"key": "Custom", "label": "Custom", "value": "", "checked": false, "order": 3, "type": "checkbox"}
                  ],
                "required": false,
                "type": "label",
                "order": 3
            },
            {
                "label": "Custom Dimensions",
                "key": "dimensions",
                "value": "",
                "required": true,
                "hidden": true,
                "type": "textbox",
                "order": 4
            },
            {
                "label": "Copy or Special Instructions (Optional)",
                "key": "CTA",
                "value": "",
                "required": false,
                "type": "textbox",
                "order": 4
            }
        ],
        "SPONSORSHIP": [
            {
                "label": "Select all that apply.",
                "key": "Selectall",
                "value": "",
                "options": [
                    {"key": "WEBBanner300", "label": "300 x 250 Web Banner", "value": "", "checked": true, "order": 3, "type": "checkbox", "defaultValue": "true"},
                    {"key": "WEBBanner728", "label": "728 x 90 Web Banner", "value": "", "checked": false, "order": 3, "type": "checkbox"},
                    {"key": "WEBBanner30050", "label": "300 x 50 Web Banner", "value": "", "checked": false, "order": 3, "type": "checkbox"},
                    {"key": "Billboard", "label": "1920 x 1080 Static Billboard", "value": "", "checked": false, "order": 3, "type": "checkbox"},
                    {"key": "Custom", "label": "Custom", "value": "", "checked": false, "order": 3, "type": "checkbox"}
                  ],
                "required": false,
                "type": "label",
                "order": 3
            },
            {
                "label": "Custom Dimensions",
                "key": "dimensions",
                "value": "",
                "required": true,
                "hidden": true,
                "type": "textbox",
                "order": 4
            },
            {
                "label": "Copy or Special Instructions (Optional)",
                "key": "CTA",
                "value": "",
                "required": false,
                "type": "textbox",
                "order": 4
            }
        ],
        "CUSTOM": [
            {
                "label": "Please specify dimensions, format, and any other necessary requirements.",
                "key": "Description",
                "value": "",
                "required": true,
                "type": "textarea",
                "order": 2
            }
        ]    
    },
    "BrandDropDown": [
        {"id": "BET", "value": "BET", 
            "options": [
                {"id" : "CUSTOMWEBSITE", "value": "Custom Website", "display": true},
                {"id" : "PLAYPLEX", "value": "PLAYPLEX", "display": true},
                {"id" : "SPONSORSHIP", "value": "SPONSORSHIP", "display": true},
                {"id" : "CUSTOM", "value": "Custom", "display": true}
            ]
        },
        {"id": "CMT", "value": "CMT", 
            "options": [
                {"id" : "WEB20", "value": "Web 2.0", "display": true},
                {"id" : "PLAYPLEX", "value": "PLAYPLEX", "display": true},
                {"id" : "SPONSORSHIP", "value": "SPONSORSHIP", "display": true},
                {"id" : "CUSTOM", "value": "Custom", "display": true}
            ]
        },
        {"id": "CC", "value": "Comedy Central", 
            "options": [
                {"id" : "CUSTOMWEBSITECC", "value": "Custom Website", "display": true},
                {"id" : "PLAYPLEX", "value": "PLAYPLEX", "display": true},
                {"id" : "SPONSORSHIP", "value": "SPONSORSHIP", "display": true},
                {"id" : "CUSTOM", "value": "Custom", "display": true}
            ]
        },
        {"id": "LOGO", "value": "Logo",
            "options": [
                {"id" : "WEB20", "value": "Web 2.0", "display": true},
                {"id" : "PLAYPLEXNOATV", "value": "PLAYPLEX", "display": true},
                {"id" : "SPONSORSHIP", "value": "SPONSORSHIP", "display": true},
                {"id" : "CUSTOM", "value": "Custom", "display": true}
            ]
        },
        {"id": "MTV", "value": "MTV",
            "options": [
                {"id" : "WEB20EXTENDED", "value": "Web 2.0", "display": true},
                {"id" : "PLAYPLEX", "value": "PLAYPLEX", "display": true},
                {"id" : "SPONSORSHIP", "value": "SPONSORSHIP", "display": true},
                {"id" : "CUSTOM", "value": "Custom", "display": true}
            ]
        },
        {"id": "PARAMOUNT", "value": "Paramount Network",
            "options": [
                {"id" : "WEBPLEX", "value": "WEBPLEX", "display": true},
                {"id" : "PLAYPLEX", "value": "PLAYPLEX", "display": true},
                {"id" : "SPONSORSHIP", "value": "SPONSORSHIP", "display": true},
                {"id" : "CUSTOM", "value": "Custom", "display": true}
            ]
        },
        {"id": "VH1", "value": "VH1",
            "options": [
                {"id" : "WEB20EXTENDED", "value": "Web 2.0", "display": true},
                {"id" : "PLAYPLEX", "value": "PLAYPLEX", "display": true},
                {"id" : "SPONSORSHIP", "value": "SPONSORSHIP", "display": true},
                {"id" : "CUSTOM", "value": "Custom", "display": true}
            ]
        },
        {"id": "TVLAND", "value": "TV Land",
            "options": [
                {"id" : "WEBPLEXEXTENDED", "value": "WEBPLEX", "display": true},
                {"id" : "PLAYPLEX", "value": "PLAYPLEX", "display": true},
                {"id" : "SPONSORSHIP", "value": "SPONSORSHIP", "display": true},
                {"id" : "CUSTOM", "value": "Custom", "display": true}
            ]
        }
    ],
    "RequestTypeDropDown": [
        {"id": "GENERAL", "value": "General Request"},
        {"id": "VMN", "value": "VMN Design"}
    ],
    "graphicsDetailForm": {
        "noOfDelivarables": {
            "label": "# of Deliverables",
            "key": "noOfDelivarables",
            "values": [],
            "defaultValue": "",
            "multiSelection": false,
            "isRequiredField": true,
            "charLimit": null,
            "order": 1
          },
          "assetLocation": {
            "label": "Asset Location (Optional)",
            "key": "assetLocation",
            "values": [],
            "defaultValue": "",
            "multiSelection": false,
            "isRequiredField": false,
            "charLimit": null,
            "order": 2
          },
          "fileDropOffLocation": {
            "label": "Dropoff Location (Optional)",
            "key": "fileDropOffLocation",
            "values": [],
            "defaultValue": "",
            "multiSelection": false,
            "isRequiredField": false,
            "charLimit": null,
            "order": 3
          }
    }
}